<?xml version="1.0" encoding="utf-8"?>
<Situation xmlns:xsi="http://www.w3.org/2001/XMLSchema-instance" xmlns:xsd="http://www.w3.org/2001/XMLSchema">
  <Units>
   <Unit>
      <Name>FriendlyTank1</Name>
      <FormalAbbrdName>FriendlyTank1</FormalAbbrdName>
      <SisoEbv>1.1.78.1.2.0.0</SisoEbv>
      <IsPlatform>true</IsPlatform>
      <Location>
        <Lat>52.796629714678467</Lat>
        <Lon>9.89990561649954</Lon>
        <Alt>59.999847847037017</Alt>
        <LastModified>2009-02-20T10:25:36+01:00</LastModified>
      </Location>
      <HostilityCode>FR</HostilityCode>
      <AffiliationCode>NOS</AffiliationCode>
      <SizeCode>TEAM</SizeCode>
      <OperStateCode>OPR</OperStateCode>
      <TypeId>183770000000503</TypeId>
      <SymbolId>SFG-UCA----B---</SymbolId>
      <Subordinates />
      <Certainty>Real</Certainty>
      <Reliability>CompletelyReliable</Reliability>
      <Velocity>
        <XVelocity>70</XVelocity>
        <YVelocity>0</YVelocity>
        <ZVelocity>70</ZVelocity>
        <LastModified>2009-02-20T10:25:36+01:00</LastModified>
      </Velocity>
      <Orientation>
        <Psi>0.1651486754</Psi>
        <Theta>0</Theta>
        <Phi>0</Phi>
        <LastModified>2009-02-20T10:25:36+01:00</LastModified>
      </Orientation>
      <LastModified>2009-02-20T10:25:36+01:00</LastModified>
      <OperStateCodeLastModified xsi:nil="true" />
      <HostilityCodeLastModified xsi:nil="true" />
      <SizeCodeLastModified xsi:nil="true" />
    </Unit>

    <Unit>
      <Name>FriendlyTank2</Name>
      <FormalAbbrdName>FriendlyTank2</FormalAbbrdName>
      <SisoEbv>1.1.78.1.2.0.0</SisoEbv>
      <IsPlatform>true</IsPlatform>
      <Location>
        <Lat>52.794038961891268</Lat>
        <Lon>9.9011727699025922</Lon>
        <Alt>60.999847857281566</Alt>
        <LastModified>2009-02-20T10:25:36+01:00</LastModified>
      </Location>
      <HostilityCode>FR</HostilityCode>
      <AffiliationCode>NOS</AffiliationCode>
      <SizeCode>TEAM</SizeCode>
      <OperStateCode>OPR</OperStateCode>
      <TypeId>183770000000503</TypeId>
      <SymbolId>SFG-UCA----B---</SymbolId>
      <Subordinates />
      <Certainty>Real</Certainty>
      <Reliability>CompletelyReliable</Reliability>
      <Velocity>
        <XVelocity>70</XVelocity>
        <YVelocity>0</YVelocity>
        <ZVelocity>70</ZVelocity>
        <LastModified>2009-02-20T10:25:36+01:00</LastModified>
      </Velocity>
      <Orientation>
        <Psi>0.927295208</Psi>
        <Theta>0</Theta>
        <Phi>0</Phi>
        <LastModified>2009-02-20T10:25:36+01:00</LastModified>
      </Orientation>
      <LastModified>2009-02-20T10:25:36+01:00</LastModified>
      <OperStateCodeLastModified xsi:nil="true" />
      <HostilityCodeLastModified xsi:nil="true" />
      <SizeCodeLastModified xsi:nil="true" />
    </Unit>



    <Unit>
      <Name>HostilePerceived10</Name>
      <FormalAbbrdName>HostilePerceived10</FormalAbbrdName>
      <SisoEbv>1.1.78.2.1.0.0</SisoEbv>
      <IsPlatform>true</IsPlatform>
      <Location>
        <Lat>52.7953</Lat>
        <Lon>9.875646</Lon>
        <Alt>-0.00015214830636978149</Alt>
        <LastModified>2009-02-20T10:25:36+01:00</LastModified>
      </Location>
      <HostilityCode>HO</HostilityCode>
      <AffiliationCode>NOS</AffiliationCode>
      <SizeCode>TEAM</SizeCode>
      <OperStateCode>NKN</OperStateCode>
      <TypeId>183770000000511</TypeId>
      <SymbolId>SFG-UCIZ---B---</SymbolId>
      <Subordinates />
      <ReportingId>FDE1034100</ReportingId>
      <Certainty>Perceived</Certainty>
      <Reliability>CompletelyReliable</Reliability>
      <Velocity>
        <XVelocity>70</XVelocity>
        <YVelocity>0</YVelocity>
        <ZVelocity>70</ZVelocity>
        <LastModified>2009-02-20T10:25:36+01:00</LastModified>
      </Velocity>
      <Orientation>
        <Psi>0</Psi>
        <Theta>0</Theta>
        <Phi>0</Phi>
        <LastModified>2009-02-20T10:25:36+01:00</LastModified>
      </Orientation>
      <LastModified>2009-02-20T10:25:36+01:00</LastModified>
      <OperStateCodeLastModified xsi:nil="true" />
      <HostilityCodeLastModified xsi:nil="true" />
      <SizeCodeLastModified xsi:nil="true" />
    </Unit>

    <Unit>
      <Name>HostilePerceived11</Name>
      <FormalAbbrdName>HostilePerceived11</FormalAbbrdName>
      <SisoEbv>1.1.78.2.1.0.0</SisoEbv>
      <IsPlatform>true</IsPlatform>
      <Location>
        <Lat>52.795323</Lat>
        <Lon>9.881844</Lon>
        <Alt>-0.00015214830636978149</Alt>
        <LastModified>2009-02-20T10:26:06+01:00</LastModified>
      </Location>
      <HostilityCode>HO</HostilityCode>
      <AffiliationCode>NOS</AffiliationCode>
      <SizeCode>TEAM</SizeCode>
      <OperStateCode>NKN</OperStateCode>
      <TypeId>183770000000511</TypeId>
      <SymbolId>SFG-UCIZ---B---</SymbolId>
      <Subordinates />
      <ReportingId>FDE1034100</ReportingId>
      <Certainty>Perceived</Certainty>
      <Reliability>CompletelyReliable</Reliability>
      <Velocity>
        <XVelocity>70</XVelocity>
        <YVelocity>0</YVelocity>
        <ZVelocity>70</ZVelocity>
        <LastModified>2009-02-20T10:25:36+01:00</LastModified>
      </Velocity>
      <Orientation>
        <Psi>0</Psi>
        <Theta>0</Theta>
        <Phi>0</Phi>
        <LastModified>2009-02-20T10:25:36+01:00</LastModified>
      </Orientation>
      <LastModified>2009-02-20T10:25:36+01:00</LastModified>
      <OperStateCodeLastModified xsi:nil="true" />
      <HostilityCodeLastModified xsi:nil="true" />
      <SizeCodeLastModified xsi:nil="true" />
    </Unit>

    <Unit>
      <Name>HostilePerceived12</Name>
      <FormalAbbrdName>HostilePerceived12</FormalAbbrdName>
      <SisoEbv>1.1.78.2.1.0.0</SisoEbv>
      <IsPlatform>true</IsPlatform>
      <Location>
        <Lat>52.795316</Lat>
        <Lon>9.887996</Lon>
        <Alt>-0.00015214830636978149</Alt>
        <LastModified>2009-02-20T10:26:36+01:00</LastModified>
      </Location>
      <HostilityCode>HO</HostilityCode>
      <AffiliationCode>NOS</AffiliationCode>
      <SizeCode>TEAM</SizeCode>
      <OperStateCode>NKN</OperStateCode>
      <TypeId>183770000000511</TypeId>
      <SymbolId>SFG-UCIZ---B---</SymbolId>
      <Subordinates />
      <ReportingId>FDE1034100</ReportingId>
      <Certainty>Perceived</Certainty>
      <Reliability>CompletelyReliable</Reliability>
      <Velocity>
        <XVelocity>70</XVelocity>
        <YVelocity>0</YVelocity>
        <ZVelocity>70</ZVelocity>
        <LastModified>2009-02-20T10:25:36+01:00</LastModified>
      </Velocity>
      <Orientation>
        <Psi>0</Psi>
        <Theta>0</Theta>
        <Phi>0</Phi>
        <LastModified>2009-02-20T10:25:36+01:00</LastModified>
      </Orientation>
      <LastModified>2009-02-20T10:25:36+01:00</LastModified>
      <OperStateCodeLastModified xsi:nil="true" />
      <HostilityCodeLastModified xsi:nil="true" />
      <SizeCodeLastModified xsi:nil="true" />
    </Unit>



    <Unit>
      <Name>HostilePerceived20</Name>
      <FormalAbbrdName>HostilePerceived20</FormalAbbrdName>
      <SisoEbv>1.1.78.2.1.0.0</SisoEbv>
      <IsPlatform>true</IsPlatform>
      <Location>
        <Lat>52.797390402530532</Lat>
        <Lon>9.8775858471060829</Lon>
        <Alt>-0.00015215668827295303</Alt>
        <LastModified>2009-02-20T10:25:36+01:00</LastModified>
      </Location>
      <HostilityCode>HO</HostilityCode>
      <AffiliationCode>NOS</AffiliationCode>
      <SizeCode>TEAM</SizeCode>
      <OperStateCode>NKN</OperStateCode>
      <TypeId>183770000000511</TypeId>
      <SymbolId>SFG-UCIZ---B---</SymbolId>
      <Subordinates />
      <ReportingId>FDE10341</ReportingId>
      <Certainty>Perceived</Certainty>
      <Reliability>CompletelyReliable</Reliability>
      <Velocity>
        <XVelocity>70</XVelocity>
        <YVelocity>0</YVelocity>
        <ZVelocity>70</ZVelocity>
        <LastModified>2009-02-20T10:25:36+01:00</LastModified>
      </Velocity>
      <Orientation>
        <Psi>0</Psi>
        <Theta>0</Theta>
        <Phi>0</Phi>
        <LastModified>2009-02-20T10:25:36+01:00</LastModified>
      </Orientation>
      <LastModified>2009-02-20T10:25:36+01:00</LastModified>
      <OperStateCodeLastModified xsi:nil="true" />
      <HostilityCodeLastModified xsi:nil="true" />
      <SizeCodeLastModified xsi:nil="true" />
    </Unit>

    <Unit>
      <Name>HostilePerceived21</Name>
      <FormalAbbrdName>HostilePerceived21</FormalAbbrdName>
      <SisoEbv>1.1.78.2.1.0.0</SisoEbv>
      <IsPlatform>true</IsPlatform>
      <Location>
        <Lat>52.797041</Lat>
        <Lon>9.884986</Lon>
        <Alt>-0.00015215668827295303</Alt>
        <LastModified>2009-02-20T10:26:06+01:00</LastModified>
      </Location>
      <HostilityCode>HO</HostilityCode>
      <AffiliationCode>NOS</AffiliationCode>
      <SizeCode>TEAM</SizeCode>
      <OperStateCode>NKN</OperStateCode>
      <TypeId>183770000000511</TypeId>
      <SymbolId>SFG-UCIZ---B---</SymbolId>
      <Subordinates />
      <ReportingId>FDE10341</ReportingId>
      <Certainty>Perceived</Certainty>
      <Reliability>CompletelyReliable</Reliability>
      <Velocity>
        <XVelocity>70</XVelocity>
        <YVelocity>0</YVelocity>
        <ZVelocity>70</ZVelocity>
        <LastModified>2009-02-20T10:25:36+01:00</LastModified>
      </Velocity>
      <Orientation>
        <Psi>0</Psi>
        <Theta>0</Theta>
        <Phi>0</Phi>
        <LastModified>2009-02-20T10:25:36+01:00</LastModified>
      </Orientation>
      <LastModified>2009-02-20T10:25:36+01:00</LastModified>
      <OperStateCodeLastModified xsi:nil="true" />
      <HostilityCodeLastModified xsi:nil="true" />
      <SizeCodeLastModified xsi:nil="true" />
    </Unit>


    <Unit>
      <Name>HostilePerceived22</Name>
      <FormalAbbrdName>HostilePerceived22</FormalAbbrdName>
      <SisoEbv>1.1.78.2.1.0.0</SisoEbv>
      <IsPlatform>true</IsPlatform>
      <Location>
        <Lat>52.79743</Lat>
        <Lon>9.892389</Lon>
        <Alt>-0.00015215668827295303</Alt>
        <LastModified>2009-02-20T10:26:36+01:00</LastModified>
      </Location>
      <HostilityCode>HO</HostilityCode>
      <AffiliationCode>NOS</AffiliationCode>
      <SizeCode>TEAM</SizeCode>
      <OperStateCode>NKN</OperStateCode>
      <TypeId>183770000000511</TypeId>
      <SymbolId>SFG-UCIZ---B---</SymbolId>
      <Subordinates />
      <ReportingId>FDE10341</ReportingId>
      <Certainty>Perceived</Certainty>
      <Reliability>CompletelyReliable</Reliability>
      <Velocity>
        <XVelocity>70</XVelocity>
        <YVelocity>0</YVelocity>
        <ZVelocity>70</ZVelocity>
        <LastModified>2009-02-20T10:25:36+01:00</LastModified>
      </Velocity>
      <Orientation>
        <Psi>0</Psi>
        <Theta>0</Theta>
        <Phi>0</Phi>
        <LastModified>2009-02-20T10:25:36+01:00</LastModified>
      </Orientation>
      <LastModified>2009-02-20T10:25:36+01:00</LastModified>
      <OperStateCodeLastModified xsi:nil="true" />
      <HostilityCodeLastModified xsi:nil="true" />
      <SizeCodeLastModified xsi:nil="true" />
    </Unit>
  </Units>
  <Features />
  <TimeStamp>2009-02-20T09:25:34.781</TimeStamp>
  <LastRequestTimeStamp xsi:nil="true" />
</Situation>