<?xml version="1.0" encoding="utf-8"?>
<Situation xmlns:xsi="http://www.w3.org/2001/XMLSchema-instance" xmlns:xsd="http://www.w3.org/2001/XMLSchema">
  <Units>
   <Unit>
      <Name>FriendlyTank1</Name>
      <FormalAbbrdName>FriendlyTank1</FormalAbbrdName>
      <SisoEbv>1.1.78.1.2.0.0</SisoEbv>
      <IsPlatform>true</IsPlatform>
      <Location>
        <Lat>52.796629714678467</Lat>
        <Lon>9.89990561649954</Lon>
        <Alt>59.999847847037017</Alt>
        <LastModified>2009-02-20T10:25:36+01:00</LastModified>
      </Location>
      <HostilityCode>FR</HostilityCode>
      <Certainty>Real</Certainty>
      <Reliability>CompletelyReliable</Reliability>
      <Velocity>
        <XVelocity>70</XVelocity>
        <YVelocity>0</YVelocity>
        <ZVelocity>70</ZVelocity>
        <LastModified>2009-02-20T10:25:36+01:00</LastModified>
      </Velocity>
    </Unit>

    <Unit>
      <Name>FriendlyTank2</Name>
      <FormalAbbrdName>FriendlyTank2</FormalAbbrdName>
      <SisoEbv>1.1.78.1.2.0.0</SisoEbv>
      <IsPlatform>true</IsPlatform>
      <Location>
        <Lat>52.794038961891268</Lat>
        <Lon>9.9011727699025922</Lon>
        <Alt>60.999847857281566</Alt>
        <LastModified>2009-02-20T10:25:36+01:00</LastModified>
      </Location>
      <HostilityCode>FR</HostilityCode>
      <Certainty>Real</Certainty>
      <Reliability>CompletelyReliable</Reliability>
      <Velocity>
        <XVelocity>70</XVelocity>
        <YVelocity>0</YVelocity>
        <ZVelocity>70</ZVelocity>
        <LastModified>2009-02-20T10:25:36+01:00</LastModified>
      </Velocity>
    </Unit>



    <Unit>
      <Name>HostilePerceived100</Name>
      <FormalAbbrdName>HostilePerceived100</FormalAbbrdName>
      <SisoEbv>1.1.78.2.1.0.0</SisoEbv>
      <IsPlatform>true</IsPlatform>
      <Location>
        <Lat>52.7953</Lat>
        <Lon>9.875646</Lon>
        <Alt>-0.00015214830636978149</Alt>
        <LastModified>2009-02-20T10:25:36+01:00</LastModified>
      </Location>
      <HostilityCode>HO</HostilityCode>
      <Certainty>Perceived</Certainty>
      <Reliability>CompletelyReliable</Reliability>
      <Velocity>
        <XVelocity>55</XVelocity>
        <YVelocity>0</YVelocity>
        <ZVelocity>55</ZVelocity>
        <LastModified>2009-02-20T10:25:36+01:00</LastModified>
      </Velocity>
    </Unit>
    <Unit>
      <Name>HostilePerceived101</Name>
      <FormalAbbrdName>HostilePerceived101</FormalAbbrdName>
      <SisoEbv>1.1.78.2.1.0.0</SisoEbv>
      <IsPlatform>true</IsPlatform>
      <Location>
        <Lat>52.7953</Lat>
        <Lon>9.875646</Lon>
        <Alt>-0.00015214830636978149</Alt>
        <LastModified>2009-02-20T10:25:36+01:00</LastModified>
      </Location>
      <HostilityCode>HO</HostilityCode>
      <Certainty>Perceived</Certainty>
      <Reliability>CompletelyReliable</Reliability>
      <Velocity>
        <XVelocity>55</XVelocity>
        <YVelocity>0</YVelocity>
        <ZVelocity>55</ZVelocity>
        <LastModified>2009-02-20T10:25:36+01:00</LastModified>
      </Velocity>
    </Unit>

    <Unit>
      <Name>HostilePerceived110</Name>
      <FormalAbbrdName>HostilePerceived110</FormalAbbrdName>
      <SisoEbv>1.1.78.2.1.0.0</SisoEbv>
      <IsPlatform>true</IsPlatform>
      <Location>
        <Lat>52.795323</Lat>
        <Lon>9.881844</Lon>
        <Alt>-0.00015214830636978149</Alt>
        <LastModified>2009-02-20T10:26:36+01:00</LastModified>
      </Location>
      <HostilityCode>HO</HostilityCode>
      <ReportingId>FDE1034100</ReportingId>
      <Certainty>Perceived</Certainty>
      <Reliability>CompletelyReliable</Reliability>
      <Velocity>
        <XVelocity>55</XVelocity>
        <YVelocity>0</YVelocity>
        <ZVelocity>55</ZVelocity>
        <LastModified>2009-02-20T10:25:36+01:00</LastModified>
      </Velocity>
    </Unit>
    <Unit>
      <Name>HostilePerceived111</Name>
      <FormalAbbrdName>HostilePerceived111</FormalAbbrdName>
      <SisoEbv>1.1.78.2.1.0.0</SisoEbv>
      <IsPlatform>true</IsPlatform>
      <Location>
        <Lat>52.795323</Lat>
        <Lon>9.881844</Lon>
        <Alt>-0.00015214830636978149</Alt>
        <LastModified>2009-02-20T10:26:36+01:00</LastModified>
      </Location>
      <HostilityCode>HO</HostilityCode>
      <ReportingId>FDE1034100</ReportingId>
      <Certainty>Perceived</Certainty>
      <Reliability>CompletelyReliable</Reliability>
      <Velocity>
        <XVelocity>55</XVelocity>
        <YVelocity>0</YVelocity>
        <ZVelocity>55</ZVelocity>
        <LastModified>2009-02-20T10:25:36+01:00</LastModified>
      </Velocity>
    </Unit>

    <Unit>
      <Name>HostilePerceived120</Name>
      <FormalAbbrdName>HostilePerceived120</FormalAbbrdName>
      <SisoEbv>1.1.78.2.1.0.0</SisoEbv>
      <IsPlatform>true</IsPlatform>
      <Location>
        <Lat>52.795316</Lat>
        <Lon>9.887996</Lon>
        <Alt>-0.00015214830636978149</Alt>
        <LastModified>2009-02-20T10:27:36+01:00</LastModified>
      </Location>
      <HostilityCode>HO</HostilityCode>
      <Certainty>Perceived</Certainty>
      <Reliability>CompletelyReliable</Reliability>
      <Velocity>
        <XVelocity>55</XVelocity>
        <YVelocity>0</YVelocity>
        <ZVelocity>55</ZVelocity>
        <LastModified>2009-02-20T10:25:36+01:00</LastModified>
      </Velocity>
    </Unit>

    <Unit>
      <Name>HostilePerceived121</Name>
      <FormalAbbrdName>HostilePerceived121</FormalAbbrdName>
      <SisoEbv>1.1.78.2.1.0.0</SisoEbv>
      <IsPlatform>true</IsPlatform>
      <Location>
        <Lat>52.795316</Lat>
        <Lon>9.887996</Lon>
        <Alt>-0.00015214830636978149</Alt>
        <LastModified>2009-02-20T10:27:36+01:00</LastModified>
      </Location>
      <HostilityCode>HO</HostilityCode>
      <Certainty>Perceived</Certainty>
      <Reliability>CompletelyReliable</Reliability>
      <Velocity>
        <XVelocity>55</XVelocity>
        <YVelocity>0</YVelocity>
        <ZVelocity>55</ZVelocity>
        <LastModified>2009-02-20T10:25:36+01:00</LastModified>
      </Velocity>
    </Unit>



    <Unit>
      <Name>HostilePerceived200</Name>
      <FormalAbbrdName>HostilePerceived200</FormalAbbrdName>
      <SisoEbv>1.1.78.2.1.0.0</SisoEbv>
      <IsPlatform>true</IsPlatform>
      <Location>
        <Lat>52.797390402530532</Lat>
        <Lon>9.8775858471060829</Lon>
        <Alt>-0.00015215668827295303</Alt>
        <LastModified>2009-02-20T10:25:36+01:00</LastModified>
      </Location>
      <HostilityCode>HO</HostilityCode>
      <Certainty>Perceived</Certainty>
      <Reliability>CompletelyReliable</Reliability>
      <Velocity>
        <XVelocity>65</XVelocity>
        <YVelocity>0</YVelocity>
        <ZVelocity>65</ZVelocity>
        <LastModified>2009-02-20T10:25:36+01:00</LastModified>
      </Velocity>
    </Unit>

    <Unit>
      <Name>HostilePerceived201</Name>
      <FormalAbbrdName>HostilePerceived201</FormalAbbrdName>
      <SisoEbv>1.1.78.2.1.0.0</SisoEbv>
      <IsPlatform>true</IsPlatform>
      <Location>
        <Lat>52.797390402530532</Lat>
        <Lon>9.8775858471060829</Lon>
        <Alt>-0.00015215668827295303</Alt>
        <LastModified>2009-02-20T10:25:36+01:00</LastModified>
      </Location>
      <HostilityCode>HO</HostilityCode>
      <Certainty>Perceived</Certainty>
      <Reliability>CompletelyReliable</Reliability>
      <Velocity>
        <XVelocity>65</XVelocity>
        <YVelocity>0</YVelocity>
        <ZVelocity>65</ZVelocity>
        <LastModified>2009-02-20T10:25:36+01:00</LastModified>
      </Velocity>
    </Unit>

    <Unit>
      <Name>HostilePerceived210</Name>
      <FormalAbbrdName>HostilePerceived210</FormalAbbrdName>
      <SisoEbv>1.1.78.2.1.0.0</SisoEbv>
      <IsPlatform>true</IsPlatform>
      <Location>
        <Lat>52.801778</Lat>
        <Lon>9.875747</Lon>
        <Alt>-0.00015215668827295303</Alt>
        <LastModified>2009-02-20T10:26:36+01:00</LastModified>
      </Location>
      <HostilityCode>HO</HostilityCode>
      <Certainty>Perceived</Certainty>
      <Reliability>CompletelyReliable</Reliability>
      <Velocity>
        <XVelocity>65</XVelocity>
        <YVelocity>0</YVelocity>
        <ZVelocity>65</ZVelocity>
        <LastModified>2009-02-20T10:25:36+01:00</LastModified>
      </Velocity>
    </Unit>
    <Unit>
      <Name>HostilePerceived211</Name>
      <FormalAbbrdName>HostilePerceived211</FormalAbbrdName>
      <SisoEbv>1.1.78.2.1.0.0</SisoEbv>
      <IsPlatform>true</IsPlatform>
      <Location>
        <Lat>52.801778</Lat>
        <Lon>9.875747</Lon>
        <Alt>-0.00015215668827295303</Alt>
        <LastModified>2009-02-20T10:26:36+01:00</LastModified>
      </Location>
      <HostilityCode>HO</HostilityCode>
      <Certainty>Perceived</Certainty>
      <Reliability>CompletelyReliable</Reliability>
      <Velocity>
        <XVelocity>65</XVelocity>
        <YVelocity>0</YVelocity>
        <ZVelocity>65</ZVelocity>
        <LastModified>2009-02-20T10:25:36+01:00</LastModified>
      </Velocity>
    </Unit>


    <Unit>
      <Name>HostilePerceived220</Name>
      <FormalAbbrdName>HostilePerceived220</FormalAbbrdName>
      <SisoEbv>1.1.78.2.1.0.0</SisoEbv>
      <IsPlatform>true</IsPlatform>
      <Location>
        <Lat>52.806072</Lat>
        <Lon>9.873372</Lon>
        <Alt>-0.00015215668827295303</Alt>
        <LastModified>2009-02-20T10:27:36+01:00</LastModified>
      </Location>
      <HostilityCode>HO</HostilityCode>
      <Certainty>Perceived</Certainty>
      <Reliability>CompletelyReliable</Reliability>
      <Velocity>
        <XVelocity>65</XVelocity>
        <YVelocity>0</YVelocity>
        <ZVelocity>65</ZVelocity>
        <LastModified>2009-02-20T10:25:36+01:00</LastModified>
      </Velocity>
    </Unit>
    <Unit>
      <Name>HostilePerceived221</Name>
      <FormalAbbrdName>HostilePerceived221</FormalAbbrdName>
      <SisoEbv>1.1.78.2.1.0.0</SisoEbv>
      <IsPlatform>true</IsPlatform>
      <Location>
        <Lat>52.806072</Lat>
        <Lon>9.873372</Lon>
        <Alt>-0.00015215668827295303</Alt>
        <LastModified>2009-02-20T10:27:36+01:00</LastModified>
      </Location>
      <HostilityCode>HO</HostilityCode>
      <Certainty>Perceived</Certainty>
      <Reliability>CompletelyReliable</Reliability>
      <Velocity>
        <XVelocity>65</XVelocity>
        <YVelocity>0</YVelocity>
        <ZVelocity>65</ZVelocity>
        <LastModified>2009-02-20T10:25:36+01:00</LastModified>
      </Velocity>

    </Unit>
  </Units>
  <Features />
  <TimeStamp>2009-02-20T09:25:34.781</TimeStamp>
  <LastRequestTimeStamp xsi:nil="true" />
</Situation>